N,Time (s),Energy,Merit Factor,Optimal Hit
30,90.08620810508728,59.0,7.627118644067797,NO
40,90.0097222328186,107.99999999999683,7.407407407407407,NO

